{
  "config": "v4_fold_5",
  "num_params": 4017796,
  "num_epochs": 40,
  "best_val_f1": 0.8058926213576263,
  "test_accuracy": 0.9373044838373306,
  "test_f1": 0.7857639292046398,
  "test_kappa": 0.7441193785863127,
  "per_class_f1": {
    "N": 0.7661016949152543,
    "D": 0.8190184049079755,
    "G": 0.7603305785123967,
    "C": 0.9043478260869565,
    "A": 0.7764705882352941,
    "H": 0.6451612903225806,
    "M": 0.9512195121951219,
    "O": 0.6634615384615384
  },
  "total_train_time": 1829.022890329361,
  "avg_epoch_time": 45.639433443546295,
  "avg_inference_time_ms": 0.40615666457401806
}