{
  "config": "v4_fold_4",
  "num_params": 4017796,
  "num_epochs": 40,
  "best_val_f1": 0.7778873056664677,
  "test_accuracy": 0.9340458811261731,
  "test_f1": 0.7668744664331992,
  "test_kappa": 0.7229585594716431,
  "per_class_f1": {
    "N": 0.7792642140468228,
    "D": 0.790625,
    "G": 0.768,
    "C": 0.8305084745762712,
    "A": 0.6987951807228916,
    "H": 0.6865671641791045,
    "M": 0.8947368421052632,
    "O": 0.6864988558352403
  },
  "total_train_time": 1829.9770901203156,
  "avg_epoch_time": 45.66780437231064,
  "avg_inference_time_ms": 0.42258288751366324
}