{
  "config": "v4",
  "num_params": 4017796,
  "num_epochs": 40,
  "best_val_f1": 0.8497453268529509,
  "test_accuracy": 0.9539885297184567,
  "test_f1": 0.8474000768600253,
  "test_kappa": 0.8164457661932834,
  "per_class_f1": {
    "N": 0.8440677966101695,
    "D": 0.8584202682563339,
    "G": 0.8524590163934426,
    "C": 0.8717948717948718,
    "A": 0.8539325842696629,
    "H": 0.7605633802816901,
    "M": 0.975609756097561,
    "O": 0.7623529411764706
  },
  "total_train_time": 2199.3122165203094,
  "avg_epoch_time": 54.90569105148315,
  "avg_inference_time_ms": 0.3877696250715564
}