{
  "config": "v4_fold_2",
  "num_params": 4017796,
  "num_epochs": 40,
  "best_val_f1": 0.7923806384703231,
  "test_accuracy": 0.9333941605839416,
  "test_f1": 0.7670497153175884,
  "test_kappa": 0.7231746038216087,
  "per_class_f1": {
    "N": 0.7566666666666667,
    "D": 0.7857142857142857,
    "G": 0.7058823529411765,
    "C": 0.8181818181818182,
    "A": 0.7294117647058823,
    "H": 0.7164179104477612,
    "M": 0.9382716049382716,
    "O": 0.6858513189448441
  },
  "total_train_time": 1854.2831828594208,
  "avg_epoch_time": 46.28381314277649,
  "avg_inference_time_ms": 0.38432079938150226
}