{
  "config": "v3",
  "num_params": 4017796,
  "num_epochs": 40,
  "best_val_f1": 0.8499755096073169,
  "test_accuracy": 0.9564650677789364,
  "test_f1": 0.8426621654547446,
  "test_kappa": 0.8138125201943844,
  "per_class_f1": {
    "N": 0.8529411764705882,
    "D": 0.8695652173913043,
    "G": 0.828125,
    "C": 0.8907563025210085,
    "A": 0.8,
    "H": 0.7605633802816901,
    "M": 0.95,
    "O": 0.7893462469733656
  },
  "total_train_time": 1751.8076770305634,
  "avg_epoch_time": 43.72843795418739,
  "avg_inference_time_ms": 0.39998748770324133
}