{
  "config": "v1",
  "num_params": 4017796,
  "num_epochs": 40,
  "best_val_f1": 0.850418752240542,
  "test_accuracy": 0.9541188738269031,
  "test_f1": 0.8324151808745066,
  "test_kappa": 0.801985033791489,
  "per_class_f1": {
    "N": 0.847457627118644,
    "D": 0.8562596599690881,
    "G": 0.8333333333333334,
    "C": 0.905982905982906,
    "A": 0.8,
    "H": 0.7352941176470589,
    "M": 0.9024390243902439,
    "O": 0.7785547785547785
  },
  "total_train_time": 1065.2591321468353,
  "avg_epoch_time": 26.577751702070238,
  "avg_inference_time_ms": 0.3999473507045418
}