{
  "config": "v4_fold_3",
  "num_params": 4017796,
  "num_epochs": 40,
  "best_val_f1": 0.7994826599758327,
  "test_accuracy": 0.9339155370177268,
  "test_f1": 0.7668374272299976,
  "test_kappa": 0.7230786623424257,
  "per_class_f1": {
    "N": 0.7753001715265866,
    "D": 0.7822085889570553,
    "G": 0.7008547008547008,
    "C": 0.8521739130434782,
    "A": 0.7619047619047619,
    "H": 0.6875,
    "M": 0.9,
    "O": 0.6747572815533981
  },
  "total_train_time": 1846.236986875534,
  "avg_epoch_time": 46.07821160554886,
  "avg_inference_time_ms": 0.43600566925541046
}