{
  "config": "v2",
  "num_params": 4017796,
  "num_epochs": 40,
  "best_val_f1": 0.8572358188691002,
  "test_accuracy": 0.9562043795620438,
  "test_f1": 0.8458398445483413,
  "test_kappa": 0.8168129550299754,
  "per_class_f1": {
    "N": 0.8460236886632826,
    "D": 0.8607198748043818,
    "G": 0.8091603053435115,
    "C": 0.8793103448275862,
    "A": 0.8539325842696629,
    "H": 0.8,
    "M": 0.9156626506024096,
    "O": 0.801909307875895
  },
  "total_train_time": 1599.5862891674042,
  "avg_epoch_time": 39.932506293058395,
  "avg_inference_time_ms": 0.42629088926058945
}