{
  "config": "v4_fold_1",
  "num_params": 4017796,
  "num_epochs": 40,
  "best_val_f1": 0.808957481346817,
  "test_accuracy": 0.9403023983315955,
  "test_f1": 0.7857580497812912,
  "test_kappa": 0.7461507196572972,
  "per_class_f1": {
    "N": 0.7892074198988196,
    "D": 0.8109756097560976,
    "G": 0.7350427350427351,
    "C": 0.8305084745762712,
    "A": 0.813953488372093,
    "H": 0.6461538461538462,
    "M": 0.9382716049382716,
    "O": 0.7219512195121951
  },
  "total_train_time": 1863.6160354614258,
  "avg_epoch_time": 46.51950919032097,
  "avg_inference_time_ms": 0.42402585667948567
}