{
    "V1": {
        "overall_accuracy": 0.39520333680917624,
        "f1_macro": 0.5486252894718121,
        "cohen_kappa": 0.361133006664745,
        "auc_roc": 0.7899778897139113,
        "f1_per_class": {
            "N": 0.5618320610687023,
            "D": 0.596969696969697,
            "G": 0.5323741007194245,
            "C": 0.7107438016528926,
            "A": 0.5185185185185185,
            "H": 0.26229508196721313,
            "M": 0.7804878048780488,
            "O": 0.42578125000000006
        },
        "thresholds_used": null
    },
    "V2": {
        "overall_accuracy": 0.3806047966631908,
        "f1_macro": 0.49418873350044734,
        "cohen_kappa": 0.3136066234842634,
        "auc_roc": 0.7842071942366449,
        "f1_per_class": {
            "N": 0.5692307692307692,
            "D": 0.5495934959349593,
            "G": 0.380952380952381,
            "C": 0.7079646017699114,
            "A": 0.4672897196261682,
            "H": 0.15384615384615385,
            "M": 0.7341772151898734,
            "O": 0.39045553145336226
        },
        "thresholds_used": null
    },
    "V3": {
        "overall_accuracy": 0.44421272158498437,
        "f1_macro": 0.5624485307523437,
        "cohen_kappa": 0.40061419376551266,
        "auc_roc": 0.8138838239392421,
        "f1_per_class": {
            "N": 0.5777126099706745,
            "D": 0.6505681818181819,
            "G": 0.5081967213114755,
            "C": 0.6721311475409837,
            "A": 0.5168539325842696,
            "H": 0.3,
            "M": 0.7887323943661971,
            "O": 0.4853932584269663
        },
        "thresholds_used": null
    },
    "V4_Best": {
        "overall_accuracy": 0.3368091762252346,
        "f1_macro": 0.6026818207717096,
        "cohen_kappa": 0.4147231276248514,
        "auc_roc": 0.8351461518848979,
        "f1_per_class": {
            "N": 0.6200762388818298,
            "D": 0.6535211267605634,
            "G": 0.5806451612903226,
            "C": 0.7592592592592592,
            "A": 0.5882352941176471,
            "H": 0.4285714285714286,
            "M": 0.7397260273972603,
            "O": 0.4514200298953662
        },
        "thresholds_used": [
            0.28,
            0.38,
            0.5200000000000001,
            0.7400000000000001,
            0.42000000000000004,
            0.4800000000000001,
            0.7000000000000001,
            0.24000000000000002
        ]
    }
}