{
  "model": "EnsembleNet (EfficientNet-B0 + MobileNetV3-Large)",
  "test_f1_macro": 0.843026129951328,
  "test_precision_macro": 0.9144544752336735,
  "test_recall_macro": 0.7892027246520369,
  "per_class": {
    "N": {
      "precision": 0.826625386996904,
      "recall": 0.8929765886287625,
      "f1_score": 0.8585209003215434,
      "support": 299
    },
    "D": {
      "precision": 0.8923076923076924,
      "recall": 0.8529411764705882,
      "f1_score": 0.8721804511278195,
      "support": 340
    },
    "G": {
      "precision": 0.9090909090909091,
      "recall": 0.7246376811594203,
      "f1_score": 0.8064516129032258,
      "support": 69
    },
    "C": {
      "precision": 0.9090909090909091,
      "recall": 0.847457627118644,
      "f1_score": 0.8771929824561403,
      "support": 59
    },
    "A": {
      "precision": 0.9487179487179487,
      "recall": 0.7254901960784313,
      "f1_score": 0.8222222222222222,
      "support": 51
    },
    "H": {
      "precision": 0.9655172413793104,
      "recall": 0.6666666666666666,
      "f1_score": 0.7887323943661971,
      "support": 42
    },
    "M": {
      "precision": 0.95,
      "recall": 0.9047619047619048,
      "f1_score": 0.926829268292683,
      "support": 42
    },
    "O": {
      "precision": 0.9142857142857143,
      "recall": 0.6986899563318777,
      "f1_score": 0.7920792079207921,
      "support": 229
    }
  }
}